{"val_accuracy": 19.990079365079364, "val_loss": 2.245711326599121, "train_accuracy": 20.241532258064517, "train_loss": 2.237640857696533, "_timestamp": 1712431680.577169, "_runtime": 40.0960488319397, "_step": 0, "_wandb": {"runtime": 60}}