{"val_accuracy": 29.464285714285715, "val_loss": 2.1566824913024902, "train_accuracy": 35.41532258064516, "train_loss": 2.0998423099517822, "_timestamp": 1712434113.761726, "_runtime": 327.3054299354553, "_step": 9, "_wandb": {"runtime": 326}}