{"val_accuracy": 31.498015873015873, "val_loss": 2.1372272968292236, "train_accuracy": 34.06653225806451, "train_loss": 2.112041473388672, "_timestamp": 1712436970.526124, "_runtime": 347.70952010154724, "_step": 20, "test_accuracy": 30.05952380952381, "test_loss": 2.1512742042541504, "Predictions": {"_type": "image-file", "sha256": "4823d1ac0b5f8913815110c44260f16d865ccddb4f1017a94ac64e270941b2bf", "size": 2638413, "path": "media/images/Predictions_20_4823d1ac0b5f89138151.png", "format": "png", "width": 1000, "height": 3000}, "_wandb": {"runtime": 346}}