{"val_accuracy": 17.063492063492063, "val_loss": 2.2690534591674805, "train_accuracy": 12.689112903225807, "train_loss": 2.2900495529174805, "_timestamp": 1712584157.441579, "_runtime": 354.1180431842804, "_step": 10, "Predictions": {"_type": "image-file", "sha256": "116da0b33c20019e998072901586c788633846d5eabdb054f7cec361bec44ca5", "size": 2574141, "path": "media/images/Predictions_10_116da0b33c20019e9980.png", "format": "png", "width": 1000, "height": 3000}, "_wandb": {"runtime": 353}}