{"val_accuracy": 15.426587301587302, "val_loss": 2.2817463874816895, "train_accuracy": 12.076209677419355, "train_loss": 2.294173240661621, "_timestamp": 1712583605.27021, "_runtime": 277.71750497817993, "_step": 0, "_wandb": {"runtime": 285}}