{"val_accuracy": 19.890873015873016, "val_loss": 2.240497589111328, "train_accuracy": 18.614516129032257, "train_loss": 2.247649908065796, "_timestamp": 1712436307.805705, "_runtime": 49.03536605834961, "_step": 11, "test_accuracy": 19.543650793650794, "test_loss": 2.2423930168151855, "Predictions": {"_type": "image-file", "sha256": "5ebefbede0fe913046d5a2422a06677758eed3bea060ab4185bbf411b12f9108", "size": 2427376, "path": "media/images/Predictions_11_5ebefbede0fe913046d5.png", "format": "png", "width": 1000, "height": 3000}, "_wandb": {"runtime": 48}}