{"val_accuracy": 23.660714285714285, "val_loss": 2.2032930850982666, "train_accuracy": 26.727083333333333, "train_loss": 2.18147873878479, "_timestamp": 1712245486.805002, "_runtime": 197.43607306480408, "_step": 4, "_wandb": {"runtime": 196}}