{"val_accuracy": 16.567460317460316, "val_loss": 2.275653839111328, "train_accuracy": 19.701612903225808, "train_loss": 2.2422502040863037, "_timestamp": 1712435889.891037, "_runtime": 35.02133893966675, "_step": 0, "_wandb": {"runtime": 34}}