{"val_accuracy": 30.753968253968253, "val_loss": 2.1398541927337646, "train_accuracy": 33.42943548387097, "train_loss": 2.116257429122925, "_timestamp": 1712577635.673725, "_runtime": 616.5249729156494, "_step": 9, "_wandb": {"runtime": 615}}