{"val_accuracy": 9.970238095238095, "val_loss": 2.3614485263824463, "train_accuracy": 9.987916666666665, "train_loss": 2.361262798309326, "_timestamp": 1712339127.540155, "_runtime": 385.68138694763184, "_step": 4, "_wandb": {"runtime": 384}}