{"val_accuracy": 16.716269841269842, "val_loss": 2.265388011932373, "train_accuracy": 13.027016129032258, "train_loss": 2.2909140586853027, "_timestamp": 1712583232.8326788, "_runtime": 289.8978307247162, "_step": 0, "_wandb": {"runtime": 289}}