{"val_accuracy": 33.333333333333336, "val_loss": 2.1216888427734375, "train_accuracy": 34.27983870967741, "train_loss": 2.110678195953369, "_timestamp": 1712433485.841386, "_runtime": 307.93373799324036, "_step": 9, "_wandb": {"runtime": 307}}