{"val_accuracy": 21.23015873015873, "val_loss": 2.2251718044281006, "train_accuracy": 18.990322580645163, "train_loss": 2.2451632022857666, "_timestamp": 1712435752.960067, "_runtime": 36.941529989242554, "_step": 0, "_wandb": {"runtime": 36}}