{"val_accuracy": 31.79563492063492, "val_loss": 2.1369781494140625, "train_accuracy": 33.58064516129033, "train_loss": 2.118537664413452, "_timestamp": 1712434867.692367, "_runtime": 346.2624280452728, "_step": 9, "_wandb": {"runtime": 345}}