{"val_accuracy": 32.986111111111114, "val_loss": 2.122323989868164, "train_accuracy": 33.50443548387097, "train_loss": 2.1186742782592773, "_timestamp": 1712435465.787454, "_runtime": 332.8498079776764, "_step": 9, "_wandb": {"runtime": 331}}